<?xml version="1.0" encoding="UTF-8" standalone="yes"?>
<addon id="plugin.video.VegasLifeTV" name="VegasLifeTV" version="1.2" provider-name="sClarke">
  <requires>
    <import addon="xbmc.python" version="2.1.0"/>
	<import addon="script.module.requests" />
	<import addon="plugin.video.vimeo"/>
	<import addon="plugin.video.youtube"/>
  </requires>
  <extension point="xbmc.python.pluginsource" library="default.py">
        <provides>video</provides>
  </extension>
  <extension point="xbmc.addon.metadata">
    <summary lang="en">VegasLifeTV</summary>
    <description lang="en">VegasLifeTV</description>
	<disclaimer lang="en">VegasLifeTV</disclaimer>
    <platform>all</platform>
  </extension>
</addon>
